Wn16WnZjLFRlYW0gSUQ6SFU9KWZ2,dSt3ODRzMzIxMzlgUU5eS09Q,fT4iXj4lNE9TYDYrWFsoag==,NTQ+RmhLTVdpbmRvd3NtOkJHNnJK
ekpIWTg+dkZvciBtYXplMDAuanBnb352OzxMdQ==,JCFsTy5FYzEwMFo2Q1lKOzU=
XXBkLSVDQzctRmNHWFRp,KUFSdEhHLDNuYSc6T1JU,Umh1SEZSYzEwTUtVRyt8WA==,LiR8W3p9UDEwblMqPn13eA==,Z0NBSDtbJzYvWHwteXJq,O3VbNXRbUTNdOHZ8J2sz,XCJEViRtTDEwPnhvXjRtfA==,fUhKLVJOXjYmT3xqKFI7,RTNNJmZNKTMufUVbcXhg,bnZKNCFJVjZrQWVjcGZm
fClPSjUyNjFiTVhdeXh9,c0RoVTB4TDEybV1jbyc4Qg==,KitjYk4lXjMyQydaZDQs,fEw3Wk1MXjEwfGI5a2FXOg==,RiFaZjczWzEyOFA6Zn5TSQ==,TixoXUgjXTVwZjk6dmNn,Ujh+IWxfSTcsXHFeU185,eGFjPXROWDlKUyFKM052,ZVk2MztVTDEyJT8xSFlXKg==,Rll2eXtgKzVWPU53V2Jx
ZS1maUoqSzF5O185WSNl,fmA5IXg5fjE0Z1RlcCI1OQ==,SGx1MkpITTlrfFt5RH4q,eiZERiRGQjZMQUZSbVMx,dEE1fEZLajcwL3hwbVA0,STNucXhwYjU6Y3JcWEJz,eTJdZysmOzlLN1cvfDUx,NEknYEl2TTEwajBYISYiNg==,QmBAYCFibTZOcSdIeydS,V1F4OD46JTVaXkFyeEJQ
aENQNXsmUjVqe0t7RSJi,NmQnSX4ieDM6O3YndFpM,Y0p4dSIzdzZTVCJvYkNS,UipgdDAlKzVXXDwuI2so,JGBpfHlKXzVXQmJtLWJa,L1tqdlZyYjkyPyRFe1op,VmM6R3MmdzZAJ1tAZzZ9,YHRTN0AyNzN1UlhmJTlo,KVs5O2BbNTEycU5CJzhNcw==,aV5yUnFwRzUwcEU5WWFS
JExnQ2c5ODVVVHI9c2wv,YC9QKXk1NDVCXUU/NHJ0,JXkoXi9AazltQm9BS0Iq,TnB2T2B6UzEyT3pBPzF0aw==,ZU1+OGNcKTEwWEA2cW41,cHkoITohUDE0al9ZfiMhLQ==,YWZbOixCbzl+NGVlXWJT,P1NjOjdDQTQ6RHg+LlQ+,I1g7aVFKdTNaPTpTdkZt,LydyIUtpNTRpbXt9T0FP
b3hXa3NWXjU1RldZRCxt,OHBSTDt1QDlie3c7bkdk,J2xLWmQwQTZMcFVCbmhn,ZGlMamFdbTcyVSptVTx9,XGI8WXJ2LzEmQ25tXm5C,WkgrNEZ3TTEwPi4hcTBMYg==,X01HI3g1djEwdkZOWUhgJg==,OlRFNT1VNDEyeHBkKjg5UQ==,WlY4Nig0JDVwe0hzfm5d,YEA6ImBRYjEzczotIiNlag==
TEpPY25yezlrR0JSIVw/,eHZCaDY4aTZZMik/VkM3,eipZWlpYLTV5e1woM2Y5,fFx7IlBreTFjc3k2PGtW,eWVkLysvaTg7fT40IWgt,VXQ8PE5sPTEwfUAtO2F7MA==,fmp6JyJ3WTEwQSp3RVBGTg==,OVNBdnYtZDE0ZCFUQW9NZg==,Z18rd1NOaTloS2tlYFti,ficwbDdefTYtaipTPT5j
NEFVb3dlSTcwXnJjUyNm,NVRpJjRDfjV+W2tpZGMi,Xm1dbixkfDVmWj0uOkV2,fkM6TnRXZTlPdztrdVU8,NF1MWTV3bzYtJWJoYHZ+,ekx0Z19cVjNVdEtSOEw7,ezUmUl1YdzZleWUqIVgo,MUZJeGEtOzNOYEFmLSxp,QS9seHlJLjZkWjdfK2I+,PTdnM2VYJzVaM2srOitL
YFlcSGAuKTVcYEV0dmYk,JS18PiYwMTUiTzQweV0i,VVZOLHdELzldc3dIMyRX,WypTeSI7MDE0QXM3P2NMcA==,VntsKnxFJzEzRFNgMiRpJg==,OzZqcFdnIjVuejowN3hm,d2hsNz8nTTk2LTBpdT9B,YX0uaV9PIjEyd3JCLWxnUw==,ZGFbTic9WTUzeUFGUDQj,aS4nbzBvYDV1ZkV4SlJK
Wl9tWlFLezlFUTRXQFVY,fmdXVTM+djhATHVfQjY8,T0Zkfm5uKDEwUTFFK18lMg==,cUg5Q3xdKDEwJm9jTks/Iw==,dTlpeFhYJzEwMzZmZSs0NA==,KUNNJDQ4fjEyRl1kQlVSSg==,bDNyYEZyMzExW2ciZGZFKg==,VDFqODBGfDEwQ2NUYH1Ubw==,diJBZ3M4KThoPXApXEhG,MF82dnhtWzEyTDg9OEdjLQ==
aGpuMmMufUZvciBtYXplMDEuanBnS2hed3U5ew==,a3FqIisjVTEwMFJfZUokZSE=
QzlFa1h0ZTd4PkguKjUv,ZzRQeUEoZzExbiR0bWFXSQ==,LXxZUlZsRTJde2hgLV4h,PnRbOTY6VjJKXS5XdEV2,Q3JhaihORzZZPEd8S2Bt,fkRqQUR5fTdodSZZJVlE,LF9sdSVcSzMkWCwmM0Jf,ZipaYGchLDE0MFd1dCdELw==,Y20pezJPZDd4XFY+dFdL,dyFLKUFaWjdmP11LaVhZ
Pl0tLlJTeDlBfWRhOSYm,aDZ+cHFGVjEwfWVIPGFaNw==,QHkyREpSKDQtJyN9Zi83,J0tATSlYaTEzTj5CUCpxKw==,Nj1XTU16QzEzM2ZqaEM9TQ==,eUBMZyEtOjlLInpIYVkh,eyRhMThdRzA4PSNvVmE7,YSEuaHAvNjEwSXk+MUh1Lg==,N09tM3R3LjA7YWI/Syds,ISUlZlpBSzROXndkJC9C
U2wvXHxNQjMqfTlyJCQn,SE46LHQwVzE0TkZaXHQuPQ==,WyRPIlNKJzFkP29WdlI9,QH5MPShNOjJdMWk3aGos,WmJoa2t5MTE0LSNOYzgmRg==,eU0vIU9kajExaE97TDs/Ow==,aWE9ZjVyTDA0UHM5RWg7,PUAobS9cLTE0MzUhfk4vMg==,NUFNXmFZODEzQn1bWWc6dA==,UignP0xGRzEzM2svXjglXw==
ZCVNQC1xKTEwfi8yVSl0,Wzp5aDR5fDIhWXhzUlxa,eGdtVyxJIzEyL1xWLVNBSQ==,P35bK01aWzEzMjBLKE5hMw==,KnJhdDd8JDExNmNrZmVbcw==,aVgtJWZ+RTI6bjl+XXky,Mmc1I3c5MjEyMFw5fnBueg==,NS9GR0MvLzdoLlxQWHpA,QGxpJDI2UzcnREp+aU9a,Wzkld0FgejdJQWVlOyhP
K1ZoMjJ6PDUpY2lEeS15,bTVgVVV5djF5Iiwxb1ZC,OVtLM282UDE0LmJTLW1yTA==,ODtnYE9dYDcpISplVXJQ,QUVafH00ITNFRH0yM00u,ZWxkQlI6UDh8LE9wWmRx,THVcPnVJLzEwRk5nbT5YNw==,dn5GJSQrSThVKjhzYX1Y,LTdIclFodThzUj9+SWsy,RzA7Pko3RjRMTlpDMU44
aSd0TkBiazVhLWtwLEpt,dlcsc2wtQTEzWHlEJF1ATw==,KCI/TFZWeTd1YCxfSl4v,L282UilXSTF6ZFgwcW1H,bmw0eVYhdjEyPGcuJ0QkSA==,PC52KXk9ODNZaj09XHFH,XEkqbV1VJDEwakVKQiRjZw==,aj1NM3JOLDE0cCc5dWB4Lw==,K2lqOSkhYDExUUtcZyZaYw==,ZjlqaXA1RTEyeGBJfiYoeQ==
RlJlQ1g5ajVGQmUhT0kw,NW4lXD49QjctdTNBRmI6,SCwyXW1BKTE7Wi9jd296,V1RLZ3NEXzhPR2snR0Jy,ISV7YTNnKjJtLH1rVFAw,SzJHJCRINzhQNjlHbEpT,MGA4VVlCQzJremt3THNr,WGgqXH07UjE0UEJqJDhTbg==,IX4iOCd+bzdxRT1JQmYk,PU5JXSd2OTcoSydzNnpP
Q1wrYCwtXTkxUG0qOyZr,fCMjUlNBZThmbVoqaGdM,ekZjZD5hLzRwcFs+OkZB,MFQjJ2ZZZTdfTk9dQEtA,RFF9ezthbTEzViF8V2MxRw==,c0RvUSNgLjchPC85eGxn,SV5ZUkM0UDEzNj1DKV5scw==,andZfEQ1RDdFJ0dyRWl9,ZkQwdm46KDFWNi9ZfitD,aVJwSnNXMDEyMnRjVGZ2VQ==
SixvPTtwXjExaGlfTDZcQg==,OjpKUDF6IjZ4WmtdNSE2,Oy02LTs1VTEvcWRwc1E0,InJ4YHRxIzgyWzwmWzhQ,XVslRFRYWTEwY0ZVZGJQRA==,IzxwYUptfTBeKUEtWFJN,ZlJFIU87YTJZN0ZzWi9i,TTNyTnpHXjB4OiUxJkpL,KTlUOEYsczg0Q1xaV1or,R1Z4XnErYzE0KFRzKjRNMA==
ZnRPRm43djExKkVSWSkveQ==,eGMtOFt7QThoN2B3UkJ2,PmY6W2ROQjhyYl46MUg/,XylOL0gtKTEwQ34yJDgyWQ==,MVprW1R5NTE0KTw0IVp4Ig==,Mlh4Yi1WWDEzVnlqLUFpbg==,flReUS05fjEzJWluMG1zJw==,K2NkdzZDRTlhbDwtLjVY,TX1DKng0XzEwIytIU1xhLg==,JUIsYTZtODE0L2g4SV00UQ==
dU8yISNUXkZvciBtYXplMDIuanBnP0tKLmlELw==,TjFpKWpLQDEwMExedC1wMXM=
VVQzUS9DOjdDem1eLWw9,fWIpRys4RDdVPDRATico,Y2FsIko2VDExOD91R1FMNA==,LlQ/NlFfVDZAXVxNRlx9,Z29YI29pJjNyVDdPeyRD,XXA7Rj45JjEwTjZWM1EnOA==,eiNFJHIoNjZsInc3YEAr,Zk0zbnlINDc1SHBFTzRg,KE5oRGhVYjNbRiFJcWB8,YGxlKVhoPjE0YEo3IkI3Xw==
MyE6di99WjUsY0NhXnR9,M1NTZVJtfTVeU09Le1Jj,XEFFWj1rKDExTi0qRG1zIw==,Uz45Q1luaThXRntAcTg0,JlUoWSEpaTB5RTFLODp2,XS5Va3gqbTE0X0ZGbk13aw==,ZzYhUlQpOzl1REUyO1Bw,On5NKS80Rjh7SFFacGQi,akFuMGtMbzBrREQ4SF9v,Ln48T35USTE0QGZdeU87UA==
Z0xuWyt7WjFzY1Z7Qz8n,cGQoKiEpRjBWZ2YxN0F9,LXEwM0VeeTEwekhrSC53LQ==,Yis0e2ljQDE0NiZ5Wm9Rdg==,RnwjPz5sJjEzXkk9P29+bg==,TT9GMlxoZTExeSdnbVtdJg==,Q0RobnJEKjYzNVc0UG5T,W29PcSp2QjMwaVwhOXdB,aVI+WFU+IThFPGhLNGZC,S040bylOQDE0VypVamBLMA==
PHptaCMpaTEzUTJRdVl7Lg==,LUBALndSbDUmTkhWSywt,VD0oITN5OTExT0tTMyNLLw==,UC4jQyNAazItUSg0RHNv,Nzc9KEtKKDE0XWNiXHJ4Og==,LXt0WWAtNDNTeDE7WTpN,JGpIeDc7Yjg0blZMZkkz,VXt+bScyIzBEfHhyRWJY,IUg0XFl6OzEwUzFxXS93cQ==,RiFPRnw3QzZMMW16eCdH
cDBTP0lKUDNwRmo0czxR,Sls3Ny87RzA8SEFDZGg6,Pl95InthcDI1XmV+R3BL,NylaN1JXXThCM3I+LEF9,MlNIZ3dBajIua3VvXUQs,UDJlTTBsJjEyd0VYI0BnaA==,KmkuVkl9JjExdSgra2JOZA==,R1ItcU1uQzAnWj9TVmpS,LjNmSHJwejE0JlxOSS94OQ==,bkhfUFdMUzEzYkZ+PXxfTA==
YT9FJiQ2QjVjSVpCTkc+,PUdneUonOzV8XCMtSmVB,UlQoajxwejUjTU9lQ1Eu,PTY3RktKKDExdi9bZ3tDWg==,JkNhfVRoSTh0aHV8fHlJ,eDY7RCZZbTE0OGgsI0NkSA==,UG9KWkAvODExIycuST5wUg==,LjopZTBAZjR9SUFgS2Bk,RUwjVShfUTNZLVE/Lld1,aih+PjFzLjE0Y3F5ZXlDJQ==
dnFsOGVvSzVNTV0jalk1,U3Ysb3c8KTU/OUNEOWpE,YCdaTHIhWjVKX2RRM0Jz,UStjbEdMbjExPF8rTCJEUA==,XlcoLCcjezEwbjRqNnV0YQ==,flBBO2Z6RjJ0KWNJdT02,OHJLLEkoQDJ3OG5rfids,J3BqWjZsSThfdm57WnQ/,LlVEPHFDLzglPF4/IWVu,J3tteypSRTZENCsyTWo1
PilSO0F9JTVSQTxoMF1a,bidIRXcqfjEzbGxQKjF0QQ==,OUtISV9+dTF2XHZmOTB7,SzY7aExNQTZOLlVWX1Vf,MztRLmd4ITExW3A2W14sNg==,QTkvKD10fDEyXXdEa21Ubw==,JWIoOllBcTE7LC57dVsy,d281aHlVLTYue246aVU1,KHU3QVhBTTNKMV44RktS,Y01JYlZCSjEybndwblkrJQ==
fjFNQSFgdTFfdUd4MHow,Z0FyTWJ9PTZHZWclM1sh,UTpYP2pFdjEzVENxLlBEOQ==,Kidhb21NWDUtcn58YWxB,O2JbLiJQeTNqdD46V1o6,dn1Pc0BBeDEwPnVEfHMwUg==,Z19ieGtuRzQsWDc3SkdZ,V1Bhb0NmYzU+aGZnNzJ+,YjRlZyxKYTFxNyFARUNG,Y3NYUSZQLjZrIyx9SytD
VlIwTDRzNTEzJTM3K21ONg==,TFAyJzdaSDldLyVSbHIw,dD9+Py9YcTE0di88XSpbMw==,T0VXXDRgPzEzPWdSYmZUdA==,JCJ7dTsyODEzcS99NHd9OQ==,PEFEJTFmUDExSzxcXGhoaQ==,eDA4flBuITEyISZ5elQ+Wg==,ZWYsYE9KSzEzVXZkVTBTQQ==,MzIiUUwnOzEzdT55dnRcOA==,RGJoWWknfDEzJy99dnE4RA==
bHVyXipCM0ZvciBtYXplMDMuanBnb2RkXDFVeA==,KFM7Y1VGKDEwMGZiP25xJm4=
XVU5IlZedDdtbHpba1M8,RnA1W3NVUTExaFoqY2NIMw==,XkBqbnZrIjJ5XWdMOVdp,NHtCPEpuKDE0Ui9yPVNJeA==,NW5FK2heJzNIOC5AM0FR,THAlRDU1bzE0TjM4Qkc5Xw==,blcvI0FNPjNIcFBER1g7,TmZAZGJ8ezJQUWM1VmJL,WFZ8dCdNOTJ3eWNJOT5H,Il8zVTxebzYqPywrNjN9
UEdLZGc8LDUwLjZ0V05P,JCV0MytWOjExc05aVEEwPw==,ZUcqJyh0JjAuYXxfJnJA,OUgicDUoJjJySTMqSzBJ,I1d2Pmh5Ozg5d2NmeDlL,WD4qOE1DYjImdWxHbkBl,ImMoP2JrZjQjTGRTQHlp,S2IkYCRkUTEzRl59cDxvaA==,ZzMxR0gjOzEzLWc2alcmKw==,b2JBNTU/JDVEREs2QzEv
IWhHLmF2YDEvZX1dV2s9,b3dEdE9SfjEwJTJleSYoUw==,Sn5HSCpZRzEyS0t8UFJaWQ==,XTtrWjZpdjEzV2pHOC9fMQ==,Ui9zP308dTExUk5zLH5pfQ==,LDRvOikuNzEyMkVfWTpmWg==,ZnswKEF0VTlfMHstbClr,KzEzRm9RdzJeLG4+LiRp,QWNiZzIzQDE0RSxjcXtvUA==,XidwZX41XzUsfW17KnZt
YlxMLCdWKjEzaCE6OkxMPQ==,RFRwSm5ILTExKHt5U2Ytag==,S0Jka1ZubjZFczY6T2dh,XkwwaWIqaDNjSnMxeXhI,aV57anFHMDIlSXJ3RXda,cSVGLCFsJzEwJyNFbmlrMQ==,NUE9J3FjNzEwUiR9dCY9UA==,VypNOl17fjB6VllyWFQ0,aHE3J1o2NzE0JGMxcVZWXA==,SzlqTXd2UTV5UkwiQ0d4
Z2F5eVJVSDNjQS4iT1Yr,P1V5dTF3dDEwIzNTeFNmJw==,fEZacE04XDh+RCRBLmM6,MiEybzQlOzQyNzInXl16,Ym4vWVpsJzEzQ0NaWGU+Qw==,MXg/eCx9QjNLYEZJYlBV,Ozx1LW1KLTEwe0Y7czB1Zw==,ampcNz1vMDBNXktFdzA8,Jz9mYFliYTE0emd0QEo0OA==,IkI2cFVrIjVhNXhsNTNP
YV5bYGRJWzEzSWl5OW1TfQ==,aSwtNiYxfjExKWhnVyVdVA==,ZXhIO0clMjEwWkpAdSY9aA==,KUBTdD1qWTRmLlh9QihQ,fFtKMlRNdDNKdT8sa1cn,UD8ySDNPdTEyY2VgZllyJQ==,cnBuPnZYcjExM05kbjQhaQ==,dX5bR2VZOjB3NzRvVitC,SDM2PGw0JzE0cEtZczZ+Lw==,JXlqcTRtKDVKXHMmPGkv
JktpO31ROjExUnFwMC0vTg==,PzZINTFAfjEweiJgPFR+Jg==,OFNWbGxcLTJSUn1xZF1d,RGpDWj1aMjRFXGtRJnJi,Z1dvYVhAKjVye3QjKzt8,ZjI9R2B3fDczXV4yI0NI,cnIqcTdNZjdXTi9EL31w,ekY+JUBfdDFFUEhmTW8x,UW9uYWVgNzZWW0EpPmIh,Uy52QSshPTEzaW19cCJqZA==
XUBpYjNRLDNmcEFucHI0,O2Y6PTlzLDJXNGwyKCtq,bzZUOCo8cjRJNF5tI1d0,dENFZitiSjEzOmV3ciJmNA==,JHwpRm4hWjEzP1clSVBJZA==,JXdjQFV7TTEqfThmZVwy,dGYtWyp7ejBbUFIuLlJK,c3Joe2VMRDQyYTZqfmhh,OEYhMHozdDlEJTBUJ1Q6,PXt+fEBfPTZKem9sby0t
Z1ArV09ENjEzL0RPQ1YwYw==,VWVjX0s0czVtZCRreGpS,IWF8dXQ8aDEzN1ttWUY+dA==,J0EyRTFFNTExLmw2JUVOPw==,SipqXSZrZTEwTCJOdlxKQQ==,JmdxM24/OjEyOydUOXhrNw==,ODRoJTh2PTUvNDkqRE0n,SW0vZUs5VjV4VDQqaSVu,Q0wpdn1gNzExdDNQdCVDeA==,WiJYODwnbDQmfmcxaXZd
MXhVUWFRJDExMGMtcUZOeQ==,cGcqQ2I5JjEyL2ttbzY6cg==,J0ZSJD5TOjExLHBgQGRZKw==,TThoS3B3ZzEwTmZiQ2omTg==,an1yQVVYdDEwVV4vVCNiOQ==,QWIsaThpazEwaV5QJE02ew==,XjEiYztuJDEyRDM5RjVVUg==,R2l2bnV3aDEzcCpCRXctYw==,KUZsREQsMTExUSZXNDx5Ow==,fVswcj4rKTEyREN+fmVCUQ==
MkAjSEhJPUZvciBtYXplMDQuanBnbnJLIiUlMQ==,e0p5TC13KTEwMDc3RXouTHY=
QyxgSjtpLjdHVDUsdnBy,PCtvZ0ZRUDExZzRzITlzcg==,MmtjQ2VGXDJHamhRd0dM,ZFs3dT5fMDEwekttdi1SRQ==,O29XKX5ITDEwclAuX20rcw==,YXdIWl89XTEwdTVfTEYpRA==,PnA0KjZJJzYkfkFLTGhq,WzJ2Qj0wLjNjTXtZVSlb,JjZIQWglYjE0fis1RnpCbw==,WlZsO3QrQjdtYV0rUnZ8
eEllW1JzTzUoMkZjaEcs,PVdmeCZyODdjVnttMz5b,Ni1URyZyYjEzPHdtQ1VjZQ==,T3prL0M8LTcpTGwyU1Q2,T31oK19+OzdXczxnNFwh,bTN8cT1UQTExIS42eEBFYQ==,c2QxJHtmcjBeSiJMYnlC,ND5ITXBQNzRmUSVaPGAh,eyxwZ1ApMTM6SVZZOlRv,Iz4oelFmNzEyIzYnPmQzLQ==
ZytvTGNgMjFDYEh2bSFf,Siw2YTwpLzEyXEQ8OFdrSw==,b0slVUZ0UDdUc1AvWGsj,Nio+MFNAdjkkc3ZyUkBy,fDRscDZ9dTRgfndYW1dK,S0lPP25HajczQS8pQCFK,ViNBMj1qXDEzX0s7TWFuXA==,KFFGYjQxZjU3WltjQC9B,R1V0XGFnPDFMRS92SEYz,JlVwWSN3MzE0JCddeWt2Rg==
VyhZTW1yTjFMK2J6MyU/,XUdBU1d8cTE0Y1VBazszRw==,RFViY2NHUDFddS45dzBH,d1w8USdkOzZFR35YXC5g,bTZSal02dzFTZ31pWmct,TTdeMHtudjRlflItJEE+,PipQNmFXeDc2Ij1oKlpb,JWhgXFhQOTV3LHl9WF02,Mzx7QillWzVSP1h6XnpY,OE1YRjRwYTcyWldoflZv
dHg6T1VcdjFCfjU0dE0y,JmtHa0YsPjE0Ji4kNmchNg==,LTAsJkxOcDEzPTFRdHhIQw==,WyU9JmtmajVcPUksbXM6,XFJSUHh8eTEzSmNRfm9zKA==,RmU6UydNTTklc3t9XiJp,cmZJX1BRVTA5VjxNLGda,XmJoP1w8cDgwU2JGdT91,MGpaPl50TDhlO1RVME98,bnQ1bU1nWTEyaEBhe2BRSg==
O05ycjlccTlJK097K11Y,Snpubi03NjEwZTJOTShjKw==,cHp8bnd6UDY+diolX2Yz,TXBtekwsNjlEUDtgeF5y,L0E6LFZ+VDEwS2RoV3F7Vw==,PVY5LCdaNTJFVXI1ZCFV,XWZEY3x7QzgqbX4+fG94,eXlFNV9LLzIuY0YyNFUu,M0hYbFB7YzEwJlc1eVVqJA==,LUNeS1klejE0aytSO1xaKQ==
ZHxRQz5FZzdmUWhMcTRp,OydWdGUsMzNPO350bFpN,NV1qKmJmbzQsYkE5QzE7,Ly46fXsjSzcwaDdafmxI,ZTVMc191SDExVXc+SSt9YQ==,UUMhcl1TVjEyUEQtYCFXMg==,N2d8RChHLDd0MzpUd0Be,eGF5TShRaTF7KUhgMXs/,JzZyJnBlMDEwSm9CanpWNw==,QWZjUjg5YTE0QWZpN0g9XQ==
bConUTEjNzlIJyZpZ1tF,Wih5YWhneDRCejdSKF5a,PmJlXkdILjEzJz5RRm8lag==,LUhbcVB8czkiRkR9J2ld,LUtuYlI3LzEwXzNEckgyfA==,cTQ0ZG9iazJwPyhRXyF6,RE9Man0vNDgyfFZbSX15,XGxuK25uOjB7PGJBbFxT,LGxjUn06djI7cztbX3BO,Rn0kIXtPejE0fTs6OXg5TQ==
N0xxaUJ5NDNkUCw4QmMo,LCEiS1heMzB4NFZ+PTh4,eml1YV8kWjEwamIqKz92Lg==,S0UlOy9wNTZjSmQrRnB4,JHs3TzslVTExekhafF97SA==,XSooeGNXZzQpSEV7dnoo,dSR7eCF+fjExI3QuXU0rag==,KjRVIUF4PzEyNmN5LHplRA==,dVNHOjozVzFkX0tlbTd1,TX1hbXZCeTE0KXcyN11yNw==
Nys9ZCtGMzEzUiwxakBIRg==,QTwnYll3LTEzaHE1U0hSfg==,OVw9ZjRoMDExfWMrISpfOg==,eU9QSydKODg4U2pdM0kl,Z0xDXDtSPTEwPWpQJH4sXg==,dSV9N25ZOjh7NStXIUlk,KCpfU0NWMzEwLjQyfGk8Yw==,IzlQWTd+MzE0c1FUbkA2LA==,Yl43WEtLVTk+Z01EXj1o,WVNcVHN5cDE0RiwsNT9QaA==
Nj5oPkNrVUZvciBtYXplMDUuanBnQFhyYnFIUg==,LmE1U35AcjEwMHA6YmVTZC8=
TUVaODMrRDc2YjBcNC9b,SE5RSEMwWTNGZj06XGVz,d0V4UkpoRzEwRVZsfnFQYg==,XlJNa1UuWzE0YURVPUN5JQ==,bzwhazkjaDNLWUAyWFti,dH1rSi8uZTInPn5Qb3JY,XzhHU2NpYTEwTmEkMm9BWw==,PW1HeF5oczE0ckY9Ni1jUQ==,I3pmQ1ZAWjExYFNUbXdlZw==,JXxqLi9ZZDZdX1hWcG5M
M0duXEx3QjVcbjpvKDl5,JitKeygoWDEuQk09Z0Nb,ZXRuSkAiNDE0NDZIXjFaeg==,KUVyNC5sUDExNFk0e3M6KA==,WW50Vjx4ITRxMChAPUZG,Kj1LfkksfTlFUHVxUWR9,RXAtKUtvQTZlXnt4d3xf,UEx6Ui8zTjExbi8xUjJ5MQ==,M2N1TUU1YjEwW3w+LjJYWw==,TX1ycGBxTjRJIj9XNldC
YzJDMiUobTFDVklJUSd6,TklNKzEnTzBlYkU8fi4o,ZTRSeVNbcDJedSpHO3h7,YlA6YVl9WDE0LVNiVShNbQ==,MS9UKVQkRTEzUndfdEp1Vw==,VGl9K3VrXjExJktPWi1Wdw==,Q2ovZkhmXDByckE3STlY,TF94fl41WjE0PVloOjdWXw==,NSgnXi97UjN2WkkyVV90,MHdoW31IfTEyTWp2VGInaw==
I2lPbl1bUTUnRXZeMW8y,aVI8OVoydDEzI2p1aXA4TA==,VTN1L1B0TjlQRkBpKyZS,SV8ocGFwfjIhSEJSXEcr,eSwyeFAlWzEweGtmTS8waQ==,aTszayIiMjEwKGl9OSkvbg==,T2lvI2MvWDRGakJpUCty,aW13bX1KfTdhfCtHaEou,XGIzYVMtVjVkSXB0P0Mo,X15eNzZ1ZjdkYUBzRi5S
cGVNOjlNMDlIP0czLztW,aUwwJT8sXDE0JSxke303aw==,JD8hUzcuVzExYiNzYzFSaQ==,aUlffD9JPTEyaCFuWW1KMQ==,dnJ0IiNxNTM1aUVuUXlI,MTx+Sm9cRzEwX1VseGktWg==,IztdS35qJThsUyhwckMp,J053MkJbbTBJOX5mWC9E,elBAcWMxaThoNndQVnwv,eFd1d2dbJDEyaCZEL1BkKg==
SFVyZ0c1OzExbUY8fV1qSw==,aFc/SSsvIjYlI2dZNnwi,b3JReWlkKTExLiEtNSF6fA==,XCZHcTleUDEwTy9uJydcbw==,YHhNPlxXdTEyWzlSNl05cQ==,SkJ7bllwODcoMT53S300,LHVMOyhsVDExcCdKZlFzQA==,bnp7b2NcUDRUZ2ZldTQl,MDJGZ3BxRzNgZU5+Vmw7,UmpcRTRRNjE0d1dRa2ddJg==
SVBFO3kzcjExXV4lcXcoNQ==,ek90NyEzZzBrYltIMlFm,XTlwRiNzKjEwJHYlKyotOg==,UVJaTEpZdDEweCRtMy4lJg==,QlBSVWYoITZ5XWcuVTd2,aS0rNEwhXjFVVSgua1Bu,fi9lLmglJjJVeylKKVFf,SUpTeHEpMzAnVGxpK2Vg,OCdrJyY0QjA8bVBKIy4n,KTlHVUdxbjE0VWh8UW49Qg==
ZkFuVmEqZDExOnJGa0lkTw==,LV9KfmdBajEyekBIbGpyKw==,Tk9jJC49bjExeFJlfnp3Sw==,XzBXemZCbTJiLkZQLX56,b3Y6QmZLcDAvKmQ3MFcu,RlN2IlpHVzR0fk4qZyp1,IVd8cFZyXzV+LnlWWDxi,IntlcThrejEzaFhpeDtmTg==,LEU2IyxmVDkzK1JFR31b,Ij8yO2ZfLzZJdic9bVRI
N3wvQj88dzExe2pHb20tOw==,MW5nbS12ezEwfnsiPkU8JQ==,d3lNcl9dXTJBXG9bU0B2,IXZaRycuRTR8XERJXT9q,XHpNT3E2SjEzbDl7WTJdUA==,Sm0iMmUsRjVPVF1kNyZO,NmN+N3xvWjFEKyJ6Y3sl,dkErUTBdOjIhNT5kIX1I,d3pFZVMtazZsV0k+Y3o1,KGBKMW57cjV8M1wyLGtX
PXApZ3IkMTExLS4xPyk5UA==,KHQuS1s5YDEwNkUxOGFgMg==,JDhrR35ZNTEyRH1PQmluTQ==,XlJoIklzSjEzXyZ7XDMuRQ==,TkVqNiV7WDExen1qWWRhPw==,KXMoXF01VTEyVj42KCFWXw==,MnRQVmZcZDEzNS9feHN5OA==,fSUpR2xhZDEzUElpW35Sew==,KG86YTYxNzEzLCVtKDchMg==,STBoXm1aZTEzfnB+YT4+RQ==
e3UoSFFzOEZvciBtYXplMDYuanBnVjRgTm1DMA==,WlYxV3FEWjEwMDI5KHFUUzA=
fHBxQFlZSjcsQFMoLDN+,NTJMUXQqdTNIOXgsSD5A,ZTtXJV13cTY9ezB2VHhn,VERbM0c4PDNyQk8zWylq,N3l4SXhTSDY2PiNUdSRk,fXlCVlxHdjNnWnF0P2su,IUx1aEY8YzEwdH40blZkLQ==,MnBaL0shTjJiODpnNFdq,fDhdN3NuaDEwaTIlfUEuSA==,X2x2VFpGODZwfmJZXVww
XzspdTUlKTEtVnx7MjZz,LWp2fSE+KjEyS3FYMD1bWg==,fldrMW5zQDlRLVFyYGg+,a1NtQXIhRzEyPEFubE1UZg==,L1srKVI/djlYPXttfloj,OHdXUkI+bDEyLDxuTnpPSQ==,VlNNVTtgfDNbdmkpTkRr,ZDdAWDdqfjEyITA3WlAldA==,b2glN3Z6bzdkflw7MlZk,XVBnTTFiRjV1WnFaI0pf
YywzLmUpLDkmQUp4LSp9,JitJcj0kODEwQUYxUWFiTw==,Qy8qUk1NSjEwWlBtSW9hJQ==,PyxCbkdUMTZYTydBUkhL,OnFLWD1aJjdwbXpjKWsi,TUxOek5vVTN1NE4vKUA2,azFuKjEtITEyfFEmalcxKA==,ajk2YkJfTjExKlwqU3FdQg==,Yy1MJld8SjR+aCkhWSxl,ViIyJCFucDUzUVRydS1T
eSt+IWxvKjMrTW8wUGx7,ay43Q2xbRzZbTyx2XDF+,bF9xPjg7PDMtNCYya01I,ej8hQzFyejEya0x2IU0sVg==,YHthRyR9YjVycjRYXFkh,U18mR2IkbTk3OXk5fCow,STAmcGN8YDEwPyN0NnknRA==,SlE1WDFhcjZAJ2RZOD1J,YDBnWi9abDU4O2JrIXdt,VzosVU5GRTUlU1okSGVC
LGs3OnlGNTVeZC93TVJm,SDNzan40fDl5a1EtJ2xm,SDIvL2xEXDhReFxTWGRQ,UDFiXVlJdzE0LT4tSWN0OQ==,WW1MelNmdzEral5MNHk3,VntZbTJKbzI2XHxoVlt3,ditZKjcneDE0bF5yQyxkcw==,UV1deHAhVzU5e2MqN0J0,MUIidyxILjFSXkh6WVh9,NGJNRzJfPjEydl1fWWFyOw==
Ty5WTG50UDU4UHFtN1tj,RzM2WU1dfTExYUNzd3Nwbw==,KkRaaDxobDJ+Syl1UzRs,Sn0xQ2g3fjIpNS0saipP,LCE2L0ksZzEyZyNBK1pDVA==,LmhxMDRtSTVwRFZMJidK,djtgbVpIWDMjeVwwRWBy,RUhCTD4peTEyZHYvSTYodA==,MmtVP1EkeDV+U3FxXTo+,NnB7fTM1QDdvZiUxUGFw
IlVdLz44ZTkleW11PV1U,eXNCe1JCODZzdWU7flpw,QGZCbFo0ZDV7Tzt2clh4,S25GXWdwVTVvPkgkaHI3,ZE57Nl5WYjExVm51SF9NXw==,TilOMztOcDRffltpJ0Bq,ZVJoWEdqSDlaSXBTKG9s,PmZiaD1cPTYuWTJbU1ZO,K3wtKj5hWjlQMVowJzBj,UT02fDMoMjREaEo9PHwv
Wj18TGY1JTNLUTdNJFE7,R3clKCY2XzEyeT0mXiJleA==,RzMmMDV2OjEzOTNFUjRrUg==,Wj5jNHM7UDk8QVAkXyRQ,KyUqUCI0YzZpQGQ7fDxN,ZDppQ18wLzlmU2BkMlIt,diRUSjp2JTZsJnMtZUcp,W0szNi9NfjVseEB2NTkt,cS0jdSh9ZTc/OklFcCN5,fj9UfFxaVDU/b0g0QkBn
QjpCVSdhXjVLdGRmJjsl,N0VCSFMiIzMxRFM3Kjwz,P1lYays6YjEwZXctSiV2Sw==,c080IUE4NDZgJkVIYTgn,Ljkjb3VwJDU3aVkqfTR5,J3B7Yzt9MjExYHxjSzE4Pw==,SHVla3NrWTEyUCw3U3x8cQ==,ITIlL25XKzViUDA+IjYj,Z25jQFBdQDVSMyxyOSdy,flFJclpcYjUpQmMhbici
JipZK2AvYjlNVjYtSXUr,XzoiQ35BITEyRid2QmFXRg==,Ykc4WW97bTExOXxISTlzcw==,MFJ+PVYybTg7PjtCfUNy,a1JLKHR+TjEyO29PTDB+YQ==,ZHZWYGREUTExaG0lcVMzVg==,d2pGcnpRdDEwLUJQWTVtag==,JkdORlgiQDEycXtNfXMjdg==,KjtzOn1McDlQPXoyTlY3,WEUodHl4UzEycjU5dklWOg==
TzhoR1BCTEZvciBtYXplMDcuanBnRkJSaGdWKg==,Y3VHLTVCLzEwMCw5Ml9kZHs=
UlMoUVF6XjNXazgiPTE0,SnReYkEldzE0dTMmNHgpZw==,IX13YnskQDNXTVteSWs1,bXZdfi1vWDEwM3o9Mz0mVQ==,bXJ1PksifTEwZDhKYTVPYw==,MHI0TC5cczEwQEVpOzh+Qg==,K0R6P2hEMzEwPGtvSzB8cQ==,PiprQUdJOzJgeGZTP2Vu,JSg2IV9QSzEwVisiTDVcPg==,eV52SHJvTDYvRGE6YEVL
RlFNKCpSXDU2Y0k6azhi,NlUyQWBVNDNfdEouY1VV,LihoUTJkaDEyZWRuSS56RA==,JjJcPyRjMDExXmx5fHV6Lg==,SXdidXh5PzZpIVZtMypF,IjxhaXI0QzNULH4+d0Fa,WWlaSjcjQTZzNSJ1N3Aj,U0x0Jj0rcTEzbytVaXpdTg==,KTs5J1JgdzNbN2c1emt0,fkIiO0RHQzQ8Q1JfPiI7
SDFOVV0ufjUqSkgxNCp3,JmooSUl5cjk3YEB1fHs/,bVh9PmJXOjIsPS1mMFhV,ISZ5Z2RnbTEwNDd6SHpsVg==,M1FNYXg2ODEydWQ0TklgZA==,LH43dSlIcjU7ODBsaGV6,aXNlXE09ajkxfCRoPEQs,QDhZRT5LQDZ3N012bGVj,QUpWY3pHQzVecWp8W1V5,fEU6IShCOjEzbkBwYFokTQ==
SW9JMU9rUzF0aHl+VWhL,VnprXT17cjE0RW56fFI1Lw==,ZWFBYiRSKDVDMjtaOmZH,S0BVczJETjNCYSMkZTJV,Py03RHdOUzZ0XDgpU1de,X2N5alEiLTl7Mi9VUUdR,LVkhc0M5NzYjTjQ/ZFhY,fVR0QCVtKzUqRC0wLmdC,aXxYUUlLZDkrPzp9a2p4,XyRdfiEpSjZnVnNLVndN
XSZIRU1zbjleOFNfX1B3,bkZ3MF89IjEwJDw9LHlZNQ==,Q2V1TEdFeTEyaVg8WjdJdA==,QWh+a1JfWjVIb1VRdlNa,TStRRHR1XDliVTR2LHNH,TnF2ez5NLTEwbXhiYD57cA==,elFkQURdcDEyej8/WSMqWg==,bz5KUj5VdjVyKkozY2BJ,NEorXyUzbzNxKFssZS8x,IVdTYWhcRTEyZiU0UDcxfg==
SidlLz1pQjN8MGAzdVU1,UmM7STA1SjEwbXlcTztjSQ==,O3VWIVV1azY7UFIvaTM1,MnowRjpsKzVcXGxgKzwj,O2dgYTNJcTdTRXM7JS06,VWFDWEZOdDNUI2luSTQk,JntJUS55UDEwNz9zTXNXbA==,Mm8mJiMuTzEySTNCZnI/Qw==,PEw0Z1NEYjk9JjBZcGAh,fmdybUVrVjYwaSYuKyE1
ZElsN0EtcTUqSD40XHo4,ZW0/dHkhWjExVVU/WXt9TQ==,JFhyZEw4dzhDI0pIODBy,NilQUG17MzEyTihWOCVAaQ==,OzJiNCNuZjUuUiUqYzA3,XyY9JS1lSDU8eUpqVkl2,K0BwLW5IVTNkM0RTSW1U,XUczOzpoMTYyZSlKV3Mx,SEZZNiw+JTM5dE1UaSM6,NW90c2l6IzEydExGQUMkRg==
TjNcPU9CKTVGUFltTEJU,YF0wQFEoTjcvdzRWOix1,XXhwcXAvQzMkbFFDd31+,WGE6M15HPTEwVmd1Q3lSeg==,VHhcLnFMZzQ9aEY3N3Nm,L2ovOUl8WjVvZ01DUmJa,TUxhN0t7aTVjfC9oPlxr,J0V1enAsTDUhMUI7MGk0,NzAtUm9eIzlpdDA8d3NX,TSZnLjw9LzYtKmVhJm8i
a24pVTQ5MTV6U1MoWDNu,PH02LGgkWzU/UFdQWUck,YFQpK2U3Qzlsd29dfC82,bltPcEJEeDZwUiNKXlRl,bk5mY2lJejU5YDt2Kn1N,YDBLSzh0MjkmVkRldmIo,QSg/LlVjbTEyWWJuQ0tyWA==,OmhGRE8sSjleQHZzX1hM,fV5hRiJjVDZqaDxgcn5l,cyVeNU5IJDVnKmpdekxE
Ul12WiFANzk+RGlzY2N8,eTVvLj1IKDEyTF5PN0EtYw==,aDlhKikqJTExWktnKmBzMQ==,QEhpaDlgKTEyJ31ZOSYlIg==,WCl9Lzs3Jzk3czVsNio1,MmRcRGFAPTEwLj0jUlRSJw==,Q15iOWNbOzEwUmowdDNRQA==,WEc3VXIsZzEwX04kWENuIg==,alNKSnZpJTh9ZHI+WlUx,IUNbT3VdYjEyVVZYOSVYXw==
MiIiP0s9TUZvciBtYXplMDguanBnJXZKUkdeVQ==,TjJOXHJCYTEwMCMleixgKHQ=
cDItLC1XeTM8aGVlKTFe,fV02cTpDODJHSUsmdXUj,T2NefFdKdTEwSVA0N2REXw==,VzkzVmV9QTEwKC8yL2UwXw==,Jy1lPlFheDEwLikpUSE2YQ==,c20lNjFjcDEwTzViTnNuMA==,IzpjfmUiLzZBWjQ4JDtr,fjgjb25wbTExSW5YS0d3Qw==,YVd7QEh7WTJaJGtNYFpK,I016fkp6YDZxIUhWQTtr
T018XU1scTVrcG9UZW5h,Sk9+aW8ibTVObnI+cSU2,VWdoQV59ezN6NSFPV34+,TF8/OFRWKzEwbHwnJzw7Vw==,TjYiSDF1KjEwSTV7fFQrWw==,PUcuNCkvNzZ8YnVDaCFD,RzlDSyFgfTlQdDlvdDFX,MjBDRlwyfTY/MjQrNjlB,OkdFWiIyWzEzNzEsfnFIcQ==,az96IyV+ejU+a0ZCLHFe
QDYzSHYzITVucyc3XXIi,ZVcsTyd0YTl8YCciYTBT,RFFoVnErJzhPSXM8Nnsr,ZH5TWTVqWTEwW3N5XUN7Ug==,ejR+bnE0ezE0MHRjUGY4Iw==,SDx4QS04KTVeKVErXGt4,WkdBIz4qKzMmcypWLHxp,bHNzMnpcTzhZUC0sSnRV,b05jcmA/czEwSGJSeG9AZg==,ZyQiNjZQQjRnd2g8XUBx
NUlHV1l+NjVycS80MFs+,LkFGW2R1XjNcMypHNltI,S2tCYFs2bjZNdFEyPF05,P09xPjJ4JjNHbF9rT1gl,S1ZsQ0khcDEwMkQsbzZhSA==,QkI2QGI/VDEyOzgsPjM9Qw==,QDZQOzR8MjEzdVVreDZhNg==,T290aHd7JzNsY19SJjYq,fl1pNDYyJzZfUlp0L2By,WnxmKmAuJDEzaSxMMjFUMA==
RCpVXHElPjl4aW9cX1B8,RzUrbiUjNjEyIyRqfV9kJw==,MyQ8aXB9cDV2O1JzWksm,ZUZLZFsjYzkoJlchKG4s,P048ZUNScjEwJzFUaitMfA==,MVJ7YnVwRTEweEtMS20hNg==,Y3NdQFooSDEwQ2soIX4yKw==,dnlhciE4KjEydERvNl02dg==,VD9KLWx3SjlwTWxdQ3Z0,cHNVYVZBSzYnWHBMI319
VFoxMkJqbTM9cyNIU0lL,a1w1IkFdYzE0VH5ZJFg4TQ==,e28uN01ibjlZZzRgW1Aj,PFgqdyYsWTEwW2FrYC8oZw==,VU1sSURNUjEwfTJiRHA/Nw==,LUMxfjZrLjEwWnxbeDBXaA==,SyttIjowYjJ8TCc5aW41,ZVpYPXR4JzE0XE1ZKU0lXg==,YFhpOyknZjNvImlUbmIr,aVpyZUo/cjEyJHxcdE0ubg==
IlFOaW9tYjFrTmF7YCEo,JjdadnNBcDZ8ciRMI0I4,OGBYSTBzSTNfSCRFa0h3,flQpfTk6JDEwYl1DOFdiVg==,Py8hPDgpMDI+K2tEfEp4,bW86WlhMJzE0Y1shaEpfRA==,Z2FafGpceDUyZ35Ybltr,OFwqV3kpWDM1ek17dytu,JkoyMlgldjEyUGZrcVhjdg==,RTRSdzQodDcqbERId1k9
SkpwOSM8STVyZlBoPVVx,ck13WkF8QDlSQXlbdzNk,N2pTbE1LRzEyRyhjc1U5Pg==,TEdyMitFQDcjUylaRCtP,Wn1QKyhlTTkoQWZue2gr,L0hxfTpqXjEwRTZdQ3BDMA==,cS1KJ1dBJDEyS2o1VW91Xw==,OjF8S0tGQTEzTjFeXHkscg==,eSlsVWJxazNHKlE5KzN0,Ril7Jl4vLDRbZi1iOntQ
bG08ND9sfTlaViwkRGk5,YTtlMiZyODZcRTUwemch,fS1COnMvTDMxbiwqVV1z,L2JQdl5yfTRyW1Z+SHRA,XnQoU1hzfDMmajJwPiNN,UzY7KnxnQDEwblltN2l4Pw==,R01VajV2YTEwd1t6MnNYWQ==,bzhHYyVXJTYuIiVieFJu,KFY9XXZlMjEzXnU3cSohJA==,PGY7fns3YzV3TDJuXHt6
J255NHl1MTExcipFKCR6cw==,Lz1mcTZLeThiank3aWBS,e3RvKTpPQTEyKnNBIy5aNw==,Mnk0bVhZXDlmXi8vdSok,XXt+P1lfPTEybXNlLUdATQ==,azwiY2VxYDExMWBeJ1hHTQ==,XkZmOVJgRTEwcE87eWVVdQ==,MUpPazEjWzhNQEE4PTd8,aEBvXnNXNDEwWzJVYkJYOg==,VG1sdUBpPzEyQj5yem99WQ==
M2B+aHwxYUZvciBtYXplMDkuanBnPG5pLXx6WQ==,WzE9YH5kQjEwMHZwUCxZMnE=
ViFbQVsrWDN2SGJZI1BR,P21XcHYnUzJJLmpVZDE5,XDFESTFWMjEwN0UmXE95MQ==,XXV1cX1nITE0NzVoPFZxdg==,XVx5dChrUzM9dz0wU3ZV,QVUnSUs6TTEwOU1oVigyQw==,SlE4RVExLDEwJ3xXI0h1cQ==,TUtaOCJZWzZAQmosbiIz,LyJhSXI8IjExRDtpUjB9ZQ==,anI8KGdvYDZAPkpdNCcm
dGBGXW5vaDVtcTx9LGlO,Y1ZwN2VDLTVhRl9IVnlx,cFQuSkwqOjExfH1XZTlPJg==,I0ppKm08cjEwImB+Tn54bA==,bWd1bEw5cDEyRFglbGcndQ==,fUslQ3BHJDNsQmIyPjlc,KDwxZEYlLDE0KXZ4SEAhYQ==,dENwU2VQMzl7b0E7Um86,NiRfXnhRfTEwUl8wViZtPw==,J35ubUdGKTRyMyVYbWhw
N0ZKfVo2JzVaIlVVTE88,Pk0yQ15meTkwZj5ISkFa,altnSUB0YzYnfUMmUG9k,an0uY0k9ZTMhQzNKc0Az,ZVxHbjxWRjEwWXtWUXEnWw==,RnN9UktZJDhid3RzQ3Ay,RFA2ITpARTEwU2lpeTQ3NA==,VT4qOUFsMzEwXENJP2RiIQ==,ayx4fHtXZjEwTVxYNm9gKQ==,SEIyUy1NSjEydk9kIUhVPA==
MSZTKzYwWzUuUDdQYStC,P20/Mj9hYzNPQlAlIUg2,VjtLVi1NJjQnfl1RV2Jj,S052T1E0TDkiW0RTJ2hs,Sz1TayhXbzZvdGdrVl5E,UDs2UEZbeDM8YFFdeXlV,RzlRR1xoYzI4J1F6Xmg9,eEIqLyRnYzEwOVRcJXF+Mw==,ZV4yTnpzMzEwP0pOLHguLg==,fmcrYzxDcDE0QUdNUHI/dQ==
a1Ioak17KDVxOW0hRCsz,fmhFR2dEYTVseDgrYSlD,Zj1OIStYQDV6XjZDNmMm,SEhcaGI6IzNhaEpoR3U2,dX1JTiwmUjEyJE0lJzc8Sg==,WEd+KF1eUTUsWyNie3Io,U0w2V0F9XzEzfnBUaXkkOQ==,IUt0dVREVjNkYnVLYVNh,MklOYSYpejEwbkA+bkNLRQ==,bmE2KWdxJjZHXWx5ITdC
W2gmd19qKjUhVXpBVnxa,Sy8pYGpsMjVeUGxpPlNR,VWJle1pKZTU4bzw/LWQ+,QSNmSSszPDUpciNcNlJz,OC5nMVV1QDcwJF5DKEpz,RXZ9PFM8QzFzcTwiLSki,SW9UR0U3MzYoOyhGSTZ6,ZiV6ZHEuOTVgInJ1aU0o,PUc5JEMrcjNkPyRIRkk+,V0lBNWo+ZTR+V2N1KyZn
eF1mZyx3cTVffCU7Jmp3,JWskVD8udDV2MnNIRllt,TSc3OExiJDEzSic6WkdFWQ==,TzVHUDJKJTVKRFFxNSZY,UTJWbHxbSDlEa0lJV1s2,O3A6Sy00TTEyYSdCWHFUYg==,anZJOlJTQzVjLk4qOzdv,eVpnNXpBJTVrQnh3J3td,azsvc3dpIjUuLi9sW0NP,XU4hNiozRjUzNDMubnFS
LlJfWFAmRTVFRE9Pbign,PHE/SUQrczlqLVFyLj9M,NDVzJld+WzZ1RzB3fDg7,UVllcVd2Ujk5cjkmcTAn,fitTQlU2JTYjNiY3UV5Q,OzwmJ2tESzMqWm1mIWpm,UTo2U0s/LTEyIj80Jj0rIg==,VjxAK2xQUzVHb1J6W3ZC,dDB3JDk8ODVaUFBzKjAv,ZVc+WnwnXTU4U2Y+JV43
LiJqRFdZVTVhXV9TblQp,J1tOJlR8OjdvRFRsJkcj,IlIzR2oocjlxTlVBIUE+,ZHEiSnRxLDZueCRVWk9v,dTdTMklpTzUhJmJ2d2Js,dUgkdiI5bzlCdmQvO0xj,PXFAY3ZDajEwNC9HNnY/dA==,dWVZLl5ZcjEyKCt9fj97YQ==,c3VoSS1iYTVKJDg6WkZR,Oy4xYlFPZzUqPX4iMiVK
WmcuMCpoVTl7aEFBYXA9,Yjt0eG4jdzg1QmUjZH1a,TCx1U316OzE0ZXRfdy5bYQ==,NFlaYnw/TzkkVTA9OUA7,J3YpZlYjVDhxfDVJO3NE,Z0s0K0RjdTEwanFdJytiLw==,SmErTSVtUjEwNTpjLDxTIQ==,VjtyeVxnKzEwTHAoSX4qKg==,KiokRXFDMzEyZFFuJ2Ftbw==,Qj4mR2FbSzEzU0tmIU9hfA==
cSksUVshWURhdGUgYW5kIFRpbWUgb2YgZXhlY3V0aW9uX2giVEdLOw==,X0BhQnM1dTAyLTExLTIwMjAgMjI6MzA6MjU8REl4RVI+
